{"cameraMode":{"drawMode":0,"name":"Shaded","section":"Shading Mode"},"sceneLighting":false,"audioPlay":false,"sceneViewState":{"m_AlwaysRefresh":false,"showFog":true,"showSkybox":true,"showFlares":true,"showImageEffects":true,"showParticleSystems":true,"showVisualEffectGraphs":true,"m_FxEnabled":true},"in2DMode":false,"pivot":{"x":1.5196921825408936,"y":0.5818514823913574,"z":-3.1720452308654787},"rotation":{"x":-0.032958369702100757,"y":-0.04645801708102226,"z":-0.0015337133081629873,"w":0.9983763098716736},"size":1.0380196571350098,"orthographic":false}